id,number,category,title,author,edition,pages,publisher,copies,copyright
,00227,"Acctg, Management & Marketing",Management Advisory Services,"Harina, Ricardo M.",3rd revised,514,Natl. Book Store,1,2008
,00228,"Acctg, Management & Marketing",College Accounting 2,"Harina, Ricardo",revised,203,Natl. Book Store,1,2011
,00229,"Acctg, Management & Marketing",Business Mathematics Text/Workbook,Lorina Gison Salamat,3rd,225,Natl. Book Store,1,2008
,00230,"Acctg, Management & Marketing",Accounting Principles 3 Text/Workbook,"Herrero, Carmen C.","4th, 2009 reprint",300,Natl. Book Store,1,2007
,00231,"Acctg, Management & Marketing",Laboratory Manual in Statistics 1 (Elementary Statistics),"Nalangan, Li-anne",1st,102,Rex Book Store,1,2009
,00232,"Acctg, Management & Marketing",Analytic Geometry with Solid Mensuration made Easy,"Comandante Jr., Felipe L.",,402,Natl. Book Store,1,2000
,00233,"Acctg, Management & Marketing",Introduction to the Theory of Computation,Sipser Michael,2nd,437,Course Technology,1,2007
,00234,"Acctg, Management & Marketing",Basic Business Finance: Management Approach,"Alminar-Mutya, Ruby F.",,272,Natl. Book Store,1,2010
,00235,"Acctg, Management & Marketing",Artificial Intelligence,"Luger, George F.",4th,856,Addison Wesley,1,2003
,00236,"Acctg, Management & Marketing",Tax Accounting Digest: An Accountants Guide,"Co Untian Jr., Crescencio",,408,Rex Book Store,1,2008
,00237,"Acctg, Management & Marketing",Principles of Marketing,"Medina, Roberto G.",revised,326,Rex Book Store,1,2008
,00238,"Acctg, Management & Marketing",Basic Accounting Concepts and Procedures,"Garcia, Percy C.",1st,226,Rex Book Store,1,2006
,00239,"Acctg, Management & Marketing","Selected Terms and Phrases in Finance, Accounting, and Economics","Ditablan, Eustaquio C.",,95,Natl. Book Store,1,2008
,00240,"Acctg, Management & Marketing",Modules for Marketing,"Mendoza, Shirley","1st, 2005 reprint",184,Rex Book Store,1,2003
,00241,"Acctg, Management & Marketing",Differential Calculus Made Easy,"Comandante Jr., Felipe L.","Mertic, 2010 reprint",410,Natl. Book Store,1,2005
,00242,"Acctg, Management & Marketing",Basic Accounting for Non-Accountants,"Monte-Galanza, Raquel","1st, 2006 reprint",170,Rex Book Store,1,2005
,00243,"Acctg, Management & Marketing",Logic: The Essentials of Deductive Reasoning,"Agapay, Ramon","2nd, 2009 reprint",180,Natl. Book Store,1,2007
,00244,"Acctg, Management & Marketing",Introductory Statistics,"Pagoso, Cristobal",1997 reprint,391,Rex Book Store,1,1985
,00245,"Acctg, Management & Marketing",Mathematics of Investment made simple,"Young, Felina","1st, 2010 reprint",353,Rex Book Store,1,2009
,00246,"Acctg, Management & Marketing",Business Ethics,"Padilla, Reynaldo","1st, 2010 reprint",184,Rex Book Store,1,2004
,00247,"Acctg, Management & Marketing",Business Finance,"Medina, Roberto G.","2nd, 2010 reprint",228,Rex Book Store,1,2007
,00248,"Acctg, Management & Marketing",Business Finance,"Dela Cruz, Manuel","1st, 2006 reprint",388,Rex Book Store,1,2005
,00249,"Acctg, Management & Marketing",Principles of Marketing,"Medina, Roberto G.",revised,326,Rex Book Store,1,2008
,00250,"Acctg, Management & Marketing",Essential Logic,"Malitao, Arnel",,266,Natl. Book Store,1,2003
,00251,"Acctg, Management & Marketing",Accounting Principles & Procedures for a Sole Proprietorship,"Monte-Galanza, Raquel","1st, 2006 reprint",255,Rex Book Store,1,2003
,00252,"Acctg, Management & Marketing",Fundamentals of Agribusiness Accounting,"Umiten-Hipolito, Silva",1st,178,Rex Book Store,1,2008
,00253,"Acctg, Management & Marketing",Simplified Approaches to Differential Calculus,Jonathan B. Cabero et. Al,2nd,207,Natl. Book Store,1,2010
,00254,"Acctg, Management & Marketing",Introduction to College Algebra,"Monta�a, Rizalina",1st,87,Rex Book Store,1,2009
,00255,"Acctg, Management & Marketing",Elements of Logic: An Integrated Approach,"Maboloc, Christopher Ryan",1st,142,Rex Book Store,1,2008
,00256,"Acctg, Management & Marketing",Quantitative methods in Accounting,"Ng, Mark Francis G.",1st,217,Rex Book Store,1,2010
,00257,"Acctg, Management & Marketing",Business Mathematics Made Easy,Paras-Bernal Ophelia,"1st, 2008 reprint",201,Rex Book Store,1,2007
,00258,"Acctg, Management & Marketing",Mathematics of Investment,William L. Hart,5th,152,D.C. Health and Com,1,1980
,00259,"Acctg, Management & Marketing",Plane and Spherical Trigonometry with Tables,William L. Hart,,124,D.C. Health and Com,1,1964
,00260,"Acctg, Management & Marketing",Plane and Spherical Trigonometry with Tables,Paul R. Rider,,142,The MacMillan Comp,1,1971
,00261,"Acctg, Management & Marketing",Bookkeeping for Servicing & Merch. Firms applied Basic Accounting Practice,"Ebusca, Saturnina",1st,387,Rex Book Store,1,2007
,00262,"Acctg, Management & Marketing",Global Marketing,Johansson Johnny,4th,647,McGraw-hill,1,2006
,00263,"Acctg, Management & Marketing",Partnership and Corporation Accounting,"Carillo, Josefina","1st new, 2005 reprint",164,Rex Book Store,1,1997
,00264,"Acctg, Management & Marketing",Quantitative Techniques for Business Management (Textbook),"Victoriano, Praxedes S.","2nd, 2010 reprint",229,Rex Book Store,1,1990
,00265,"Acctg, Management & Marketing",Essentials of Investment,Bodie Zvi,6th,571,McGraw-hill,1,2007
,00266,"Acctg, Management & Marketing",Financial & Managerial Accounting,Williams Jan et.al,14th,1157,McGraw-hill,1,2008
,00267,"Acctg, Management & Marketing",Fundamentals of Accounting Principles (Theory & Application) Part 2,Chua Manuel,,608,Natl. Book Store,1,2007
,00268,"Acctg, Management & Marketing",Introduction to Managerial Accounting,Brewer Peter,2nd,640,McGraw-hill,1,2005
,00269,"Acctg, Management & Marketing",Managerial Accounting,Ray H. Garrison,13th 2011,804,McGraw-hill,1,2011
,00270,"Acctg, Management & Marketing",Partnership and Corporation Accounting and their Legal Bases,"Hugo-Macapilit, Cecilia",1st,219,Rex Book Store,1,2010
,00271,"Acctg, Management & Marketing",Events Management Handbook,"Romero, Eloisa","1st, 2010 reprint",86,Rex Book Store,1,2009
,00272,"Acctg, Management & Marketing",Personnel Management in the 21st Century,"Sison, Perfecto S.","7th, 2010 reprint",218,Rex Book Store,1,2003
,00273,"Acctg, Management & Marketing",Principles of Marketing,"Ac-ac, Maria Victorina M.",,285,Natl. Book Store,1,2009
,00274,"Acctg, Management & Marketing",Business Marketing,"Dwyer, Robert",3rd,683,McGraw-hill,1,2006
,00275,"Acctg, Management & Marketing",Modern Technological Writing,Asuncion,,310,Rajh Publishing House,1,2011
,00276,"Acctg, Management & Marketing",Marketing for Dummies,Alexander Hiam,3rd,368,Wiley,1,2009
,00277,"Acctg, Management & Marketing",Basic Statistical Methods,"Norville, Downie",5th,371,Harper & Row,1,1984
,00278,"Acctg, Management & Marketing",A Practical Guide to Business Communication,"Taylor, Shirley",4th,429,Pearson Educ. Inc,1,2006
,00279,"Acctg, Management & Marketing",Elements of Marketing,Ruby Alminar-Mutya,"4th, 2008 reprint",305,Natl. Book Store,1,2007
,00280,"Acctg, Management & Marketing",Principles of Marketing,"Young, Felina","1st, 2009 reprint",433,Rex Book Store,1,2008
,00281,"Acctg, Management & Marketing",Fundamentals of Strategic Management,Orcullo Jr. Norberto,"1st, 2009 reprint",302,Rex Book Store,1,2007
,00282,"Acctg, Management & Marketing",Management,"Fajardo, Feliciano","1st, 2009 reprint",331,Rex Book Store,1,1997
,00283,"Acctg, Management & Marketing",Business Organization and Management,"Medina, Roberto G.",2009 reprint,257,Rex Book Store,1,2006
,00284,"Acctg, Management & Marketing",Tagalog-English Dictionary,"Leo, James",2010 reprint,1583,Natl. Book Store,1,1969
,00285,"Acctg, Management & Marketing",Comprehensive Review of Taxation,"De Leon, Hector",8th,493,Rex Book Store,1,2010
,00286,"Acctg, Management & Marketing",Managing Human Resources in the 21st Century,Maximiano J.,,,Rex Book Store,1,2006
,00287,"Acctg, Management & Marketing",Fundamentals of Financial Management,"Anastacio, Ma. Flordeliza",1st,210,Rex Book Store,1,2010
,00288,"Acctg, Management & Marketing",Human Resource Management,"Conception, Rodil Martires","3rd, 2008 reprint",461,Natl. Book Store,1,1999
,00289,"Acctg, Management & Marketing",Trigonometry,"Reyes, Fe N. et.al","2nd, 2008 reprint",394,Natl. Book Store,1,2000
