id,number,category,title,author,edition,pages,publisher,copies,copyright
,00328,Business Books,Bookkeeping for Servicing & Merch. Firms (An Introduction to Accounting),"Ebusca, Saturnina",2010 reprint,454,Rex Book Store,1,2008
,00329,Business Books,"Money, Credit, and Banking","Pagoso, Cristobal","1st, 2010 reprint",263,Rex Book Store,1,2010
,00330,Business Books,Handbook in Business Technology,"Abello, Lovell",,96,Natl. Book Store,1,2010
,00331,Business Books,Marketing Cases Book 2,"Lao Jr., Felix",,134,Anvil,1,2001
,00332,Business Books,Human Resource Management,"Payos, Ranulfo",,265,Rex Book Store,1,2010
,00333,Business Books,Fundamentals of  Philippine Income Taxation,Conti Indalicio,"1st, 2010 reprint",456,Rex Book Store,1,2009
,00334,Business Books,International Business,Shenkar Oded,,513,John Wiley & Sons Inc.,1,2004
,00335,Business Books,Introduction to Entrepreneurship,Small Enterprise Research,2008 reprint,204,Anvil,1,2006
,00336,Business Books,Business Plans Made Easy,"Bangs Jr, David",3rd,361,Entrepreneur Media,1,2005
,00337,Business Books,Business Law: An Overview,"De Guzman, Rolando",,232,Rex Book Store,1,2006
,00338,Business Books,Quantitative Techniques in Management,"Apa-ap, Renato E. et. Al",revised,182,Natl. Book Store,1,2007
,00339,Business Books,The Fundamentals of Taxation,"De Leon, Hector",,437,Rex Book Store,1,2009
,00340,Business Books,The Law on Transfer and Business Taxation,"De Leon, Hector",,668,Rex Book Store,1,2009
,00341,Business Books,The Law on Sales Agency and Credit Transactions,"De Leon, Hector",,494,Rex Book Store,1,2010
,00342,Business Books,Insurance Principles and Practices,"Ronquillo, Zacarias",revised,136,Rex Book Store,1,2007
,00343,Business Books,Bookkeeping Manual for Merchandising Companies,"Monte-Galanza, Raquel",,113,Rex Book Store,1,2009
,00344,Business Books,Entrepreneurship Unlimited Opportunities and Resources,"Ditablan, Eustaquio C.",2010 reprint,235,Natl. Book Store,1,2009
,00345,Business Books,"Wealth Within your Reach: Pera Mo, Palaguin Mo 1","Colayco, Francisco",,328,Colayco Foundation,1,2004
,00346,Business Books,"Making your Money Work: Pera Mo, Palaguin Mo 2","Colayco, Francisco",,221,Colayco Foundation,1,2005
,00347,Business Books,Business Ethics and Corporate Social Responsibility,Maximiano Jose Mario,,232,Anvil,1,2007
,00348,Business Books,Human Behavior in Organizations,"Concepcion, Rodil Martires","3rd, 2010 reprint",258,Natl. Book Store,1,2003
,00349,Business Books,Entrepreneurship for Modern Business,"Camposano, Jorge",2008 reprint,524,Natl. Book Store,1,2006
,00350,Business Books,Entrepreneurship in the Philippine Setting,"Asor, Winefreda","1st, 2010 reprint",238,Rex Book Store,1,2009
,00351,Business Books,Global Business Ethics for Filipinos in the New Millennium,Maximiano Jose Mario,,244,Anvil,1,2001
,00352,Business Books,Filipino Valuers Today,"Florentino, Timbreza",2008 reprint,230,Natl. Book Store,1,2003
