id,number,category,title,author,edition,pages,publisher,copies,copyright
,00102,Computer Dictionaries,Computer Dictionary,Microsoft Press,,392,Microsoft Press,1,1991
,00103,Computer Dictionaries,The PC User's Essential Accessible Pocket Dictionary,Dyson Peter,,577,Sybex Inc.,1,1994
,00104,Computer Dictionaries,Computer and Internet Dictionary,"Pfaffenberger, Bryan",6th,574,Que Corporation,1,1995
,00105,Computer Dictionaries,Diksyunaryo,Maria Odullo De Guzman,2008 reprint,353,Natl. Book Store,1,1970
,00106,Computer Dictionaries,Talatinigang Pilipino-Pilipino,Del Valle Bartolome,2008 reprint,212,Rex Book Store,1,1969
,00107,Computer Dictionaries,Computer Dictionary,Tribobert,,222,Palinsad General me,1,2009
,00108,Computer Dictionaries,Computer Dictionary,Torrenueva,,,Natl. Book Store,1,
,00109,Computer Dictionaries,Electrician's Vest Pocket Reference Book,Henry Hansteen,Newly revised,190,Prentice Hall,1,1986
,00110,Computer Dictionaries,File Structures,Folk Michael,,724,Addison Wesley,1,1999
