id,number,category,title,author,edition,pages,publisher,copies,copyright
,00111,Computer Books,Routing Protocols and Concepts: CCNA Exploration lab and Study Guide,"Johnson, Allan",,538,Cisco Press,1,2008
,00112,Computer Books,Accessing the WAN: CCNA Exploration Labs & Study Guide,"Rullan, John",,343,Cisco Press,1,2008
,00113,Computer Books,Network Fundamentals CCNA Exploration Labs anf Study Guide,Rufi Antton et. Al,,370,Cisco Press,1,2008
,00114,Computer Books,LAN Switching & Wireless: CCNA Exploration Labs & Study Guide,"Johnson, Allan",,336,Cisco Press,1,2008
,00115,Computer Books,Cisco Networking Academy Program: CCNA 1 and 2 Lab,Cisco System,3rd revised,428,Cisco Press,1,2005
,00116,Computer Books,Physics for Scientist and Engineers with Modern Physics,"Serway, Raymond A.",6th,1552,Brooks/Cole,1,2004
,00117,Computer Books,Data Communications and Computer Networks,White Curt,,496,Course Technology,1,2001
,00118,Computer Books,Basic Statistics with Calculator and Computer Application,"Narag, Edilyn Castillo",1st,191,Rex Book Store,1,2010
,00119,Computer Books,Elementary Statistics with Computer Applications,"Altares, Priscilla et, al",2010 reprint,305,Rex Book Store,1,2005
,00120,Computer Books,The PC Doctor's Fix it Yourself Guide,"Kingsley- Hughes, Adrian",,499,The Mc-Graw Hill,1,2004
,00121,Computer Books,Software Engineering,"Pressman, Roger",6th,912,McGraw-hill,1,2005
,00122,Computer Books,Introduction to Visual C++ 2008 Programming Series 1 Windows Application,"Copernicus, Pepito",,377,Natl. Book Store,1,2009
,00123,Computer Books,Applied Operating Systems Concept,Silberschatz Avi,1st,840,John Wiley & Sons Inc.,1,2000
,00124,Computer Books,LAN Switching & Wireless: CCNA Exploration Companion Guide,"Lewis, Wayne",,497,Cisco Press,1,2008
,00125,Computer Books,Data Communication and Networking,Forouzan Behrouz,4th,1134,McGraw-hill,1,2007
,00126,Computer Books,Computer Communications and Networking Technologies,"Gallo, Michael",,632,Booklore,1,2002
,00127,Computer Books,Data and Network Communications,"Miller, Michael",,522,Delmar,1,2000
,00128,Computer Books,Business Data Communication and Networking,"Fitzgerald, Jerry",7th,457,John Wiley & Sons Inc.,1,2002
,00129,Computer Books,Data Communications and Networking,Tomazi Wayne,,967,Pearson Educ. Inc,1,2006
,00130,Computer Books,Routing Protocols and Concepts: CCNA Exploration Companion Guide,"Graziani, Rick",,606,Cisco Press,1,2008
,00131,Computer Books,Introduction to Information Technology and OpenOffice Org.,Feria Charmagne,,402,New Day,1,2009
,00132,Computer Books,Introduction to Computer Fundamentals,Pepito Copernicus,2010 reprint,112,Natl. Book Store,1,2002
,00133,Computer Books,Computer Fundamentals,"Fajarito, Dennis",,196,Natl. Book Store,1,2009
,00134,Computer Books,Network Fundamentals CCNA Exploration Companion Guide,Dye Mark,,528,Cisco Press,1,2008
,00135,Computer Books,Statistics with Computer,"Paler-Calmorin, Laurentina",1st,394,Rex Book Store,1,2009
,00136,Computer Books,Teach Yourself � C,Siegel Charles,1990 reprint,357,Management Information,1,1989
,00137,Computer Books,Basic Office Application,"Abante, Marmelo V.",,285,Anvil,1,2010
,00138,Computer Books,Managing to Excel: A guide for Managers and Entrepreneur,"Gaudencio, Aquino",,237,Natl. Book Store,1,2005
