id,number,category,title,author,edition,pages,publisher,copies,copyright
,00290,"Economic, Humanities & Law",Principles of Economics,"Pagoso, Cristobal","1st, 2010 reprint",387,Rex Book Store,1,2008
,00291,"Economic, Humanities & Law",Introductory Macroeconomics,"Pagoso, Cristobal",Revised 2011 reprint,277,Rex Book Store,1,2006
,00292,"Economic, Humanities & Law",Principles of Economics,"Case, Karl E.",9th,811,Prentice Hall,1,2009
,00293,"Economic, Humanities & Law",Principles of Economics with Taxation and Agrarian Reform,"Marcelino, Ramon Benedict",,238,Natl. Book Store,1,2010
,00294,"Economic, Humanities & Law",Manual for Economics with Work Exercises,Silon et.al,,,Rex Book Store,1,2009
,00295,"Economic, Humanities & Law",The Constitution of the Republic of the Philippines Explained,"Nolledo, Jose",revised,615,Natl. Book Store,1,2005
,00296,"Economic, Humanities & Law",Disquisitions on the 1987 Constitution of the Philippines,Aralar Reynaldo,,403,Natl. Book Store,1,2008
,00297,"Economic, Humanities & Law",Philippine Governance and the 1987 Constitution,"Lazo, Ricardo S.",2nd,,Rex Book Store,1,2009
,00298,"Economic, Humanities & Law",A Study Guide in Philippine History,"Funtecha, Henry Florida",1st,142,Rex Book Store,1,2010
,00299,"Economic, Humanities & Law",Cooperatives,"Fajardo, Feliciano","4th, 2004 reprint",308,Rex Book Store,1,1999
,00300,"Economic, Humanities & Law",Introduction to Accounting,"Saguinsin, Artemio",1st,326,Rex Book Store,1,2010
,00301,"Economic, Humanities & Law",Elementary Economics 1,"Sicat, Gerardo",new,359,Anvil,1,2003
,00302,"Economic, Humanities & Law",Economics Concept Theories and Applications,"Nebres, Abriel",2010 reprint,312,Natl. Book Store,1,2008
,00303,"Economic, Humanities & Law",Economics: It's Concepts and Principles with Agrarian Reform,"Gabay, Bon Kristoffer","1st, 2010 reprint",321,Rex Book Store,1,2007
,00304,"Economic, Humanities & Law",Economics,"Fajardo, Feliciano","3rd, 2009 reprint",367,Rex Book Store,1,1995
,00305,"Economic, Humanities & Law",Constitution Made Simple,"De Leon, Hector",3rd reprint,321,Rex Book Store,1,2010
,00306,"Economic, Humanities & Law",Student's Manual on the Constitution,"De Leon, Hector",6th,364,Rex Book Store,1,2010
,00307,"Economic, Humanities & Law",Statistics for Research,"Subong Jr., Pablo E.","1st, 2006 reprint",209,Rex Book Store,1,2005
,00308,"Economic, Humanities & Law",Student's Manual on the New Constitution with Study Help,"Nolledo, Jose N.",Revised 2010 reprint,207,Natl. Book Store,1,2008
,00309,"Economic, Humanities & Law",Humanities and the Digital Arts,"Bascara, Linda","1st, 2007 reprint",185,Rex Book Store,1,2006
,00310,"Economic, Humanities & Law",Ethics and Human Dignity,"Maboloc, Christopher Ryan",1st,135,Rex Book Store,1,2010
,00311,"Economic, Humanities & Law",The Humanities,"Zulueta, Francisco","Revised, 2008 reprint",307,Natl. Book Store,1,2003
,00312,"Economic, Humanities & Law",Introduction to Humanities (The Art for Fine Living),Josefina Estolas,2008 reprint,270,Natl. Book Store,1,1995
,00313,"Economic, Humanities & Law",Fundamentals of Political Science,Florentino Ayson,"2nd, 2009 reprint",448,Natl. Book Store,1,2000
,00314,"Economic, Humanities & Law","Politics, Governance and the Philippine Constitution","Rivas, Dionisio",1st,327,Rex Book Store,1,2010
,00315,"Economic, Humanities & Law",Textbook on the Philippine Constitution,"De Leon, Hector",2009 reprint,776,Rex Book Store,1,2008
,00316,"Economic, Humanities & Law",Law of Basic Taxation in the Philippines,"Aban, Benjamin","Revised , 2009 reprint",579,Natl. Book Store,1,2009
,00317,"Economic, Humanities & Law",Textbook on Agrarian Reform & Taxation with Cooperatives,"De Leon, Hector",13th,453,Rex Book Store,1,2005
,00318,"Economic, Humanities & Law",The Law on Obligations and Contracts,"De Leon, Hector",Revised 2010 reprint,459,Rex Book Store,1,2008
,00319,"Economic, Humanities & Law",Politics and Governance,"Costales, Rodrigo",1st,320,Rex Book Store,1,2010
,00320,"Economic, Humanities & Law",The Law on Partnership and Private Corporations,"De Leon, Hector",2011 reprint,607,Rex Book Store,1,2010
,00321,"Economic, Humanities & Law",Comprehensive Review of Business Law,"De Leon, Hector",9th,572,Rex Book Store,1,2010
,00322,"Economic, Humanities & Law",Business Ethics and Social Responsibility,Roa Floriano,"1st, 2010 reprint",242,Rex Book Store,1,2007
,00323,"Economic, Humanities & Law",The 1987 Constitution of the Republic of the Philippines,,,79,Natl. Book Store,1,1987
,00324,"Economic, Humanities & Law",Gymnastic Book,"Di�oso, Clarita",2009 reprint,151,Rex Book Store,1,1990
,00325,"Economic, Humanities & Law",Typewriting/Keyboarding and Word Processing,"Pineda, Dolores",2010 reprint,133,Natl. Book Store,1,1994
,00326,"Economic, Humanities & Law",Typewriting/Keyboarding and Word Processing,"Pineda, Dolores",2010 reprint,133,Natl. Book Store,1,1994
,00327,"Economic, Humanities & Law",Typewriting for Beginners,"Pineda, Dolores",Revised 2010 reprint,152,Natl. Book Store,1,1984
