id,number,category,title,author,edition,pages,publisher,copies,copyright
,00139,Electronic Books,The Intel Microprocessor Family,"Antonakos, James L.",,618,Thomson Delmar,1,2007
,00140,Electronic Books,"Form & Style: Theses, Reports, Term Papers",Campbell William,8th,279,Houghton Mifflin,1,1991
,00141,Electronic Books,Schaum's Outline Basic Electricity,"Gussow, Milton",2nd,561,McGraw-hill,1,2007
,00142,Electronic Books,A First Course in Semiconductor Devices and Circuits,"Araneta, Jose C.",,351,Natl. Book Store,1,2007
,00143,Electronic Books,The Intel Microprocessors,"Brey, Barry",8th,925,Prentice Hall,1,2011
,00144,Electronic Books,Build Your own PC,Rosenthal Morris,4th,223,McGraw-hill,1,2004
,00145,Electronic Books,Microprocessors and Microcomputers,"Tocci, Ronald J.","5th, 2001 reprint",591,Prentice Hall,1,2000
,00146,Electronic Books,Microcomputers and Microprocessors,John Uffenbeck,Reprinted 2001,729,Jemma Inc.,1,2001
,00147,Electronic Books,New Perspective on Computer Concepts,"Parson, June Jamrich",9th,452,Course Technology,1,2007
,00148,Electronic Books,New Perspective on The Internet Comprehensive,Perry James T.,2nd,11,Course Technology,1,2000
,00149,Electronic Books,Fundamentals of Electronics: DC/AC Circuits,Terrell David,,1072,Delmar,1,2000
,00150,Electronic Books,Digital Design with CPLD Applications and VHDL,Dueck Robert,,846,Delmar,1,2001
,00151,Electronic Books,Principles of Electronic Devices,"Stanley, William D.",,1044,Prentice Hall,1,1995
,00152,Electronic Books,Understanding Solid State Electronics,"Cannon, Don L.","5th, revised",307,Sams,1,1991
,00153,Electronic Books,Digital Design Principles and Practices,Wakerly John,3rd updated,946,Pearson Educ. Inc,1,2001
,00154,Electronic Books,Electronic Communications Systems: Fundamentals Though,Tomasi Wayne,5th,1163,Pearson Educ. Inc,1,2004
,00155,Electronic Books,Electronic Troubleshooting,"Matsuda, Don",,472,Prentice Hall,1,1992
,00156,Electronic Books,Upgrading and Repairing PC,Scott Mueller,19th,1153,Natl. Book Store,1,2010
,00157,Electronic Books,Introduction to Computer Concepts,"La Putt, Juny Pilapil",2010 reprint,306,Natl. Book Store,1,1984
,00158,Electronic Books,Electronic Devices and Circuit Theory,"Boylested, Robert",10th,894,Pearson Educ. Inc,1,2009
,00159,Electronic Books,Grob's Basic Electronics,"Schultz, Mitchel",10th,1119,McGraw-hill,1,2007
,00160,Electronic Books,Electronic Component Testing Simplified,Benjamin Velasco,2009 reprint,243,Natl. Book Store,1,1994
,00161,Electronic Books,Worktext in Electromagnetism,Bulos Evangeline,,134,Natl. Book Store,1,2004
,00162,Electronic Books,Statistics and Probability: A simplified Approach,"Caras, Madeleine S. et. Al",,274,Natl. Book Store,1,2009
,00163,Electronic Books,Systems Architecture,"Burd, Stephen",3rd,616,Course Technology,1,2001
,00164,Electronic Books,Contemporary Logic Design,Katz Randy H.,,699,The Benjamin,1,1994
,00165,Electronic Books,Operational Amplifiers and Linear Integrated Circuits,"Coughlin Robert, E.",6th,529,Prentice Hall,1,2001
,00166,Electronic Books,Digital and Analog Communication Systems,Couch Ll Leon,6th,758,Prentice Hall,1,2001
,00167,Electronic Books,Teach Yourself: Electricity and Electronics,"Gibilisco, Stan",4th,699,McGraw-hill,1,2006
,00168,Electronic Books,Computer Systems Design & Architecture,"Heuring, Vincent",,571,Addison Wesley,1,1997
,00169,Electronic Books,Fundamentals of Linear Electronics: Integrated & Discrete,"Cox, James",2nd,884,Delmar,1,2002
,00170,Electronic Books,Electronic Commerce,Schneider Gary,7th annual,624,Course Technology,1,2007
,00171,Electronic Books,Electronic Circuit Analysis and Design,Neaman Donald,2nd,1232,McGraw-hill,1,2001
,00172,Electronic Books,Introduction to PC Hardware and Troubleshooting,Meyers Michael,,447,McGraw-hill,1,2003
,00173,Electronic Books,"Electricity 1: Devices, Circuits and Materials",Thomas Kubala,8th,182,Cengage Learning,1,2008
,00174,Electronic Books,"Electricity 2: Devices, Circuits and Materials",Thomas Kubala,8th,153,Cengage Learning,1,2008
,00175,Electronic Books,Electricity 3: Power Generation and Delivery,Jeff Keljik,8th,254,Cengage Learning,1,2008
,00176,Electronic Books,"Electricity 4: AC/DC Motors, Controls and Maintenance",Jeff Keljik,8th,362,Cengage Learning,1,2008
,00177,Electronic Books,Gregg College Keyboarding & Document Processing Lesson,Ober Scot,10th,191,McGraw-hill,1,2008
,00178,Electronic Books,Engineering Electromagnetic,Hayt William,7th,582,McGraw-hill,1,2006
,00179,Electronic Books,Simplified Electrical Circuit: DC Circuit,"Cui-Waga, Madeleine",1st,,Rex Book Store,1,2010
,00180,Electronic Books,Modern Electronic Communication,"Miller, Gary",4th,626,Regents/Prentice Hall,1,1993
,00181,Electronic Books,Printer Troubleshooting Pocket Reference,"Bigelow, Stephen",,436,McGraw-hill,1,2000
,00182,Electronic Books,Virus Troubleshooting Pocket Reference,"Bigelow, Stephen",,267,McGraw-hill,1,2001
,00183,Electronic Books,Communication Electronics,"Frenzel, Loius",2nd,428,Glencoe/ McGraw-hill,1,1995
,00184,Electronic Books,Electronics made Easy,"Stern, Lothar",revised and enlarged,216,Popular Bookstore,1,1962
,00185,Electronic Books,Fundamentals and Elements of Electricity,"Cardenas, Elpidio J.",2010 reprint,141,Natl. Book Store,1,1989
,00186,Electronic Books,IBM Personal Computer Troubleshooting and Repair,Brenner Robert,1990 reprint,488,Howard Sams,1,1989
