id,number,category,title,author,edition,pages,publisher,copies,copyright
,00187,Math Books,Mathematics of Finance,"Hernandez, Rogelio et.al",,169,Booklore,1,2009
,00188,Math Books,Modern College Algebra,"Dayrit, Benjamin C.","Revised, 2003 reprint",238,Rex Book Store,1,2002
,00189,Math Books,College Algebra Text/Workbook,Salamat Lorina,4th,275,Natl. Book Store,1,2008
,00190,Math Books,College Algebra,"Salazar, Douglas",1st,324,Rex Book Store,1,2010
,00191,Math Books,College Algebra for Computer Science and Allied Programs,"Lopez, Joseph",,248,Booklore,1,2009
,00192,Math Books,Basic Mathematics for College Students,"Benigno, Gloria D.","Revised, 2006 reprint",280,Rex Book Store,1,2006
,00193,Math Books,College Mathematics: A Modern Mathematics,"Sta Maria, Antonina",3rd 2009 reprint,239,Natl. Book Store,1,2008
,00194,Math Books,Strength of Materials,"Mejia, Dominador A.","1st, 2002 reprint",133,Rex Book Store,1,1998
,00195,Math Books,Mathematics of Investment,Florante M. Capitulo,"3rd, 2010 reprint",357,Natl. Book Store,1,2006
,00196,Math Books,Software Engineering,"Bell, Douglas",3rd,470,Addison Wesley,1,2002
,00197,Math Books,Mathematics in Business,"Caras, Madeleine S. et. Al",3rd,289,Booklore,1,2009
,00198,Math Books,Mathematics of Investment (Worktext),"Cervillion, Carmelita C.",2010 reprint,224,Natl. Book Store,1,2003
,00199,Math Books,Understanding Operating Systems,Flynn Ida,4th,555,Course Technology,1,2007
,00200,Math Books,Discrete Mathematics,"Washburn, Sherwood",,370,Pearson Educ. Inc,1,2002
,00201,Math Books,Analytic and Solid Geometry made easy,"Comandante Jr., Felipe L.","Metric, 2008 reprint",399,Natl. Book Store,1,2000
,00202,Math Books,Introduction to Discrete Mathematics,"Johnsonbaugh, Richard",7th,,Global,1,2006
,00203,Math Books,College Algebra,"Rees, Paul",10th,574,McGraw-hill,1,1990
,00204,Math Books,Discrete Mathematics,"Johnsonbaugh, Richard",6th,672,Pearson Educ. Inc,1,2006
,00205,Math Books,Succeeding Algebra and Trigonometry,"Larson, Ron",,1281,Cengage Learning,1,2010
,00206,Math Books,The Secretary for Corporate World,"De Guzman, Dionisia",1st,322,Rex Book Store,1,2006
,00207,Math Books,Rudiments of College Algebra and Trigonometry,"Santos, Gil Nonato C.",1st,311,Rex Book Store,1,2009
,00208,Math Books,College Algebra,"Young, Felina",2010 reprint,493,Rex Book Store,1,2005
,00209,Math Books,Algebra for College Students,"Dugopolski, Mark",,889,McGraw-hill,1,2006
,00210,Math Books,Basic Statistics for the Tertiary Level,"Albert, Jose Ramon G.",1st,257,Rex Book Store,1,2008
,00211,Math Books,Basic Concepts in Statistics (Worktext),"Tattao, Luis A.","1st, 2009 reprint",361,Rex Book Store,1,2007
,00212,Math Books,Modern Algebra and Trigonometry,"Vance, Elbridge P.","3rd, 1984 reprint",436,Addison Wesley,1,1973
,00213,Math Books,Plane Trigonometry: Simplified and Integrated,"Reyes, Edgardo A.",2010 reprint,241,Natl. Book Store,1,1963
,00214,Math Books,"Model Letters for all Occasions, Sentence stress, and Emphasis",Maria Odulio de Guzman,2010 reprint,81,Atlas,1,1973
,00215,Math Books,Business Mathematics,Altares Priscilla,Revised 2010 reprint,291,Rex Book Store,1,2004
,00216,Math Books,Introductory Accounting � Part 2,Passion D.S.,2002 reprint,252,Phoenix,1,1968
,00217,Math Books,Accounting Principles 4 Text/Workbook,"Arganda, Amelia",4th,177,Natl. Book Store,1,2007
,00218,Math Books,Study Skills in English for a Changing World,"Flores, Magelende","1st, 2004 reprint",228,Rex Book Store,1,2001
,00219,Math Books,Modern English for College Freshmen,"Bassig, Ricardo C.",3rd,220,South-Western,1,1973
,00220,Math Books,Mathematical Analysis for Business Economics,"Altares, Priscilla et. al","1st, 2010 reprint",242,Rex Book Store,1,2007
,00221,Math Books,Solved Problems in Differential Calculus,"Cabero, Jonathan B.",,88,Natl. Book Store,1,2008
,00222,Math Books,Solved Problems in Integral Calculus,"Cabero, Jonathan B.",,110,Natl. Book Store,1,2008
,00223,Math Books,Quantitative Techniques for Business (with Computer Application),"Altares, Priscilla et. al","Revised, 2008 reprint",301,Rex Book Store,1,2004
,00224,Math Books,Simplified Approach to Integral Calculus,"Apa-ap, Renato E. et. Al",2009 reprint,262,Natl. Book Store,1,2007
,00225,Math Books,Mathematics of Investment by Scientific Calculator,"Malaborbor, Pastor B.",2nd,203,Natl. Book Store,1,2009
,00226,Math Books,Mathematics of Investment (based on CMO 03 Series 2007),Arce et. Al,1st,262,Rex Book Store,1,2010
