id,number,category,title,author,edition,pages,publisher,copies,copyright
,00082,Operating Books,Introduction to information Systems,"Rainer Jr., Kelly",3rd,538,John Wiley & Sons Inc.,1,2011
,00083,Operating Books,Introduction to Management,"Schermerhom Jr., John",10th,519,John Wiley & Sons Inc.,1,2010
,00084,Operating Books,Information Technology Project Management,Schwalbe Kathy,2nd,561,Course Technology,1,2008
,00085,Operating Books,Operating Systems,Deitel H.M.,3rd,1209,Pearson Educ. Inc,1,2004
,00086,Operating Books,Control Systems Principles and Design,Gopal M.,2nd,971,McGraw-hill,1,2002
,00087,Operating Books,Data Management,Watson Richard,,568,John Wiley & Sons,1,1996
,00088,Operating Books,Operating System: Internet and Design Principles,"Stalling, William",4th,779,Prentice Hall,1,2001
,00089,Operating Books,Operating System Principles,Silberschatz Abraham,7th,896,John Wiley & Sons Inc.,1,2006
,00090,Operating Books,A Gift of Fire,"Baase, Sara",2nd,464,Pearson Educ. Inc,1,2004
,00091,Operating Books,Introduction to FoxPro Database Programming,Pepito Copernicus,2010 reprint,194,Natl. Book Store,1,2005
,00092,Operating Books,Introduction to Visual FoxPro 6.0,Pepito Copernicus,2010 reprint,285,Natl. Book Store,1,2005
,00093,Operating Books,Introduction to Turbo C Programming,Pepito Copernicus,2010 reprint,164,Natl. Book Store,1,2003
,00094,Operating Books,Curriculum Development System,"Palama, Jesus",2nd,205,Natl. Book Store,1,2009
,00095,Operating Books,Word for Windows 95: Instant Reference,Dienes Sheila,2nd,333,Sybex Inc.,1,1995
,00096,Operating Books,Computer Viruses and Data Protection,Burger Ralf,,353,Abacus,1,1991
,00097,Operating Books,Introduction to UNIX,Schulman Mark,,458,Que Corporation,1,1992
,00098,Operating Books,Industrial Organization and Management,Riggs James et. Al,6th,610,McGraw-hill,1,1980
,00099,Operating Books,The Elements of Style,"Strunk Jr., William",50th Anniversary,105,Pearson Educ. Inc,1,2009
,00100,Operating Books,Teaching Computer for Secondary and Tertiary Level,"Casiano, Michael",2nd,190,Rex Book Store,1,2007
,00101,Operating Books,Elements of Power System Analysis,William D. Stevenson jR.,4th Edition,436,McGraw-hill,1,1984
,,,,,,,,,
,,,,,,,,,
,,,,,,,,,
,,,,,,,,,
,,,,,,,,,
,,,,,,,,,
,,,,,,,,,
,,,,,,,,,
,,,,,,,,,
,,,,,,,,,
,,,,,,,,,
,,,,,,,,,
,,,,,,,,,
,,,,,,,,,
,,,,,,,,,
,,,,,,,,,
,,,,,,,,,
,,,,,,,,,
,,,,,,,,,
,,,,,,,,,
,,,,,,,,,
,,,,,,,,,
,,,,,,,,,
,,,,,,,,,
,,,,,,,,,
,,,,,,,,,
,,,,,,,,,
,,,,,,,,,
,,,,,,,,,
,,,,,,,,,
,,,,,,,,,
,,,,,,,,,
,,,,,,,,,
,,,,,,,,,
,,,,,,,,,
,,,,,,,,,
,,,,,,,,,
,,,,,,,,,
,,,,,,,,,
,,,,,,,,,
,,,,,,,,,
,,,,,,,,,
,,,,,,,,,
,,,,,,,,,
,,,,,,,,,
,,,,,,,,,
,,,,,,,,,
,,,,,,,,,
,,,,,,,,,
,,,,,,,,,
,,,,,,,,,
,,,,,,,,,
,,,,,,,,,
,,,,,,,,,
,,,,,,,,,
,,,,,,,,,
,,,,,,,,,
,,,,,,,,,
,,,,,,,,,
,,,,,,,,,
,,,,,,,,,
