id,number,category,title,author,edition,pages,publisher,copies,copyright
,00353,Philosophy and Psychology,Ethics: A Class Manual in Moral Philosophy,Glenn Paul,,302,B. Herder Book Corp,1,1968
,00354,Philosophy and Psychology,Introduction to the Humanities,Doris Van de Bogart,,422,Barnes & Noble Inc.,1,1970
,00355,Philosophy and Psychology,Kapwa,"De Guia, Katrin",2008 reprint,378,Anvil,1,2005
,00356,Philosophy and Psychology,Modern and Contemporary Philosophy,"Nabor-Nery, Maria Imelda",,224,Natl. Book Store,1,2006
,00357,Philosophy and Psychology,Philosophy of Man: The Existential Drama,"Maboloc, Christopher Ryan",,135,Rex Book Store,1,2009
,00358,Philosophy and Psychology,Philosophy of Education,"Duka, Cecilio D.",revised,164,Rex Book Store,1,2006
,00359,Philosophy and Psychology,Fundamental Philosophies of Education,Priscilla Bauzon,3rd,192,Natl. Book Store,1,2009
,00360,Philosophy and Psychology,Understanding Human Behavior: A Psychology Worktext,"Rodriguez, Tessie J.",1st,298,Rex Book Store,1,2009
,00361,Philosophy and Psychology,Social Philosophy 2,"Almeida, Adelaida B.","1st, 2006 reprint",101,Rex Book Store,1,2005
,00362,Philosophy and Psychology,Social Philosophy: Foundations of Values Education,"Tiempo, Alex","1st, 2006 reprint",134,Rex Book Store,1,2005
,00363,Philosophy and Psychology,General Psychology,"Zulueta, Francisco",2006 reprint,474,Natl. Book Store,1,2004
,00364,Philosophy and Psychology,Educational Psychology,"Gines, Adelaida",New 2005 reprint,361,Rex Book Store,1,1998
,00365,Philosophy and Psychology,Developmental Psychology,"Gines, Adelaida",New 2007,267,Rex Book Store,1,1998
,00366,Philosophy and Psychology,General Psychology,Gines et.al,,,Rex Book Store,1,2003
,00367,Philosophy and Psychology,Smart Guide to Apprenticeship and Practicum Training,"Cabulay, Danny Araneta",1st,191,Rex Book Store,1,2009
,00368,Philosophy and Psychology,Facilitating Human Learning,"Aquino, Avelina","1st, 2010 reprint",392,Rex Book Store,1,2009
,00369,Philosophy and Psychology,Critical Thinking,"Moore, Brooke Noel",9th,537,McGraw-hill,1,2009
,00370,Philosophy and Psychology,Introduction to Psychology,"Carson-Arenas, Aggie",2005 reprint,423,Rex Book Store,1,2004
,00371,Philosophy and Psychology,Organizational Behavior: Human Behavior at Work,"Newstrom, John W.",13th,554,McGraw-hill,1,2011
,00372,Philosophy and Psychology,Psychology: Essentials to Understanding Behavior,"Miranda, Norma C.",,338,Natl. Book Store,1,2008
,00373,Philosophy and Psychology,Introduction to Psychology,"Aquino, Gaudencio","2nd, 2005  reprint",647,Natl. Book Store,1,2003
,00374,Philosophy and Psychology,Introduction to the Humanities,"Sanchez, Custodiosa",2009 reprint,242,Rex Book Store,1,2002
,00375,Philosophy and Psychology,General Sociology,"Zulueta, Francisco",,233,Academic Publishing,1,2002
,00376,Philosophy and Psychology,The Labor Code of the Philippines,"Foz, Vicente B.",,584,Philippine Law Gazet,1,2009
,00377,Philosophy and Psychology,Psychological Measurement and Evaluation,"Santos, Zenaida C.",1st,221,Rex Book Store,1,2009
,00378,Philosophy and Psychology,The Filipino Family in Constant Revolution,"Guillermo, Maria Lirio",1st,28,Rex Book Store,1,2007
,00379,Philosophy and Psychology,Philosophy of Man,Maria Imelda Nabor-Nery,2009 reprint,330,Natl. Book Store,1,2007
,00380,Philosophy and Psychology,Globalization and Technology,"Ramos, Christine Carmela","1st, 2005 reprint",121,Rex Book Store,1,2003
,00381,Philosophy and Psychology,General Psychology with Values Development Lessons,"Sevilla, Consuelo et.al","4th, 2008 reprint",495,Rex Book Store,1,2006
,00382,Philosophy and Psychology,Principles of Economics,"Medina, Roberto G.","1st, 2009 reprint",286,Rex Book Store,1,2003
,00383,Philosophy and Psychology,General Psychology,"Beltran, Jane","Revised , 2009 reprint",202,Rex Book Store,1,1996
,00384,Philosophy and Psychology,Counseling and Psychotherapy,"Padolina, Miriam",2004 reprint,261,Rex Book Store,1,1997
,00385,Philosophy and Psychology,Introduction to Values Education,"Palispis, Epitacio",2007 reprint,179,Rex Book Store,1,1995
,00386,Philosophy and Psychology,Guidance and Counseling in Schools,Linda Ambida-Cinco,2008 reprint,110,Natl. Book Store,1,2008
,00387,Philosophy and Psychology,Fundamentals of Guidance and Counseling,Kapunan Rocio,"Revised, 2007 reprint",169,Rex Book Store,1,1974
,00388,Philosophy and Psychology,Applied Consumer Psychology,"Apruebo, Roxel A.",1st,243,Rex Book Store,1,2005
,00389,Philosophy and Psychology,General Psychology,"Sanchez, Custodiosa","4th, 2010 reprint",287,Rex Book Store,1,2002
,00390,Philosophy and Psychology,Psychology Towards a New Millennium,"Hernandez-Kahayon, Alicia",2009 reprint,438,Natl. Book Store,1,2004
,00391,Philosophy and Psychology,Filipino Philosophy Today,"Florentino, Timbreza",,323,Natl. Book Store,1,2008
,00392,Philosophy and Psychology,Introduction to Philosophy,Felix Montemayor,Revised 2010 reprint,268,Natl. Book Store,1,1995
,00393,Philosophy and Psychology,Labor Economics,"Pagoso, Cristobal","Updated, 2007 reprint",343,Rex Book Store,1,2006
,00394,Philosophy and Psychology,Introduction to Philosophy,"Ramos, Christine Carmela",2nd,294,Rex Book Store,1,2010
,00395,Philosophy and Psychology,"The Law on Income Taxation w/ Illustration, Problems, and Solutions","De Leon, Hector",13th,,Rex Book Store,1,2009
,00396,Philosophy and Psychology,The Experienced of Philosophy,"Articulo, Archimedes",1st,379,Rex Book Store,1,2008
,00397,Philosophy and Psychology,Personality,"Limpingco, Delia A.",3rd,166,Ken Incorporated,1,2007
,00398,Philosophy and Psychology,Human Growth Development and Learning,Acero Victorina,"1st, 2010 reprint",262,Rex Book Store,1,2004
,00399,Philosophy and Psychology,Ground and Norm of Morality,"Ramon, Reyes",revised,150,Ateneo de Manila,1,2009
,00400,Philosophy and Psychology,Essentials of Values Education,Priscilla Bauzon,3rd,169,Natl. Book Store,1,2009
,00401,Philosophy and Psychology,Introductory to Sociology and Anthropology: A Pedagogy,"Jeavier, Jessie","1st, 2006 reprint",491,Rex Book Store,1,2002
,00402,Philosophy and Psychology,Philosophy of Education,"Ordas-Botor, Celeste",,133,National Book Store,1,2005
,00403,Philosophy and Psychology,Convention and Event Management,Zenaida L. Cruz,"2nd, 2009 reprint",192,National Book Store,1,2006
,00404,Philosophy and Psychology,Logic for Filipinos,"Bauzon, Priscillano","2nd, 2009 reprint",251,Natl. Book Store,1,2002
,00405,Philosophy and Psychology,A Breakthrough in School Guidance & Counseling,Doris D. Tulio,,213,Natl. Book Store,1,2008
,00406,Philosophy and Psychology,Guidance and Counseling Today,Decal-Mendoza Elenita,"1st, 2005 reprint",94,Rex Book Store,1,2003
,00407,Philosophy and Psychology,Instructional Modules on Sex Education for College Students,"Fontanilla, Ma. Alodia",1st,294,Rex Book Store,1,2003
