id,number,category,title,author,edition,pages,publisher,copies,copyright
,00001,Programming,MS Excel 2010,Jemma Development Group,,158,Jemma Inc.,1,2011
,00002,Programming,Learning Computers,Jemma Development Group,,168,Jemma Inc.,1,2009
,00003,Programming,Harnessing Computers,Jemma Development Group,,322,Jemma Inc.,1,2009
,00004,Programming,Using Computers,Jemma Development Group,2nd,301,Jemma Inc.,1,2010
,00005,Programming,Office Productivity,Jemma Development Group,2nd,320,Jemma Inc.,1,2009
,00006,Programming,Fundamentals of Information Systems,Stair Ralph,3rd,414,Course Technology,1,2006
,00007,Programming,Introduction to E-Commerce,Rayport Jeffrey,2nd,516,McGraw-hill,1,2004
,00008,Programming,HTML: Comprehensive Concepts and Techniques,Shelly Gary B. et. Al,3rd,624,Cengage Learning,1,2006
,00009,Programming,Secrets of Designing Websites,"Mangilit, Joel R.","1st, 2010 reprint",112,Rex Book Store,1,2001
,00010,Programming,Office XP Hands on the Easy Way,"Harina, Ricardo M.",2010 reprint,162,Natl. Book Store,1,2004
,00011,Programming,Application Software,Engr. Faaustino D. Reyes II,"1st, 2007 reprint",163,Rex Book Store,1,2006
,00012,Programming,Information Technology: Concepts and Issues,Laudon Kenneth,2nd,312,Course Technology,1,1997
,00013,Programming,Discovering Information Technology,Baldauf Kenneth,,343,Course Technology,1,2009
,00014,Programming,Problem Solving with C++ the object programming,Savitch Walter,,807,Addison Wesley,1,1996
,00015,Programming,Computer Confluence: Exploring Tomorrows Technology,Beekman George,3rd,487,Pearson Educ. Inc,1,2000
,00016,Programming,"Creative Design with photoshop, illustrator, indesign, acrobat",Jemma Development Group,,291,Jemma Inc.,1,2011
,00017,Programming,The World of Information Technology,Baldauf/Stair,,349,Course Technology,1,2009
,00018,Programming,Principles of Web Design,"Sklar, Joel",,288,Course Technology,1,2000
,00019,Programming,Control Systems Technology,Fenical Les,,492,Thomson Delmar,1,2007
,00020,Programming,Principles of Ethics in Information Technology,"Reynolds, George W.",,404,Cengage Learning,1,2009
,00021,Programming,Introduction to Computer and Information Processing,"Long,Larry",4th,462,Prentice Hall,1,1994
,00022,Programming,Introduction to Turbo Pascal Programming,Pepito Copernicus,2008 reprint,161,Natl. Book Store,1,2003
,00023,Programming,Assembler Inside and Out,"Hann, Harley",,540,McGraw-hill,1,1992
,00024,Programming,Using HTML,"Randall, Neil",,374,Que,1,1996
,00025,Programming,"Windows, Word, and Excel: Office Companion",Burns Patrick,2nd,653,The Ventana Press,1,1994
,00026,Programming,Visual Basic 5: Object-Oriented Programming,"Swartzfager, Gene",,611,Coriolis Group books,1,1997
,00027,Programming,Teach Yourself: Access 95 in 14 days,Cassel Paul,3rd,682,Sams,1,1995
,00028,Programming,Mastering Visual Fox Pro 3,"Siegel, Charles",special 3rd,1089,Sybex Inc.,1,1995
,00029,Programming,Digital Communication,Proakis John,4th,1002,McGraw-hill,1,2001
,00030,Programming,Workbook In C Programming,"Gatpandan, Paulino",2009 reprint,135,Natl. Book Store,1,2005
,00031,Programming,Introduction to Systems Analysis and Design,Whitten Jeffrey,1st,609,McGraw-hill,1,2008
,00032,Programming,Computer Basics,"Gorres, Ma. Minerva",,201,Jemma Inc.,1,2008
,00033,Programming,Discovering Computers Fundamentals,Shelly Gary,3rd,488,Course Technology,1,2006
,00034,Programming,Javascript Complete Concepts and Techniques,Shelly Gary et. Al,2nd,J5.51,Course Technology,1,2001
,00035,Programming,Microsoft Office 2003 : Essential Concepts and Techniques,"Shelly, Gary B.",2nd,QR 12,Course Technology,1,2006
,00036,Programming,Algorithms in C,"Sedgewick, Robert",3rd,702,Addison Wesley,1,1998
,00037,Programming,Visual Basic: An Introduction to Object Oriented Program,"Trajano, Emily",,354,Jemma Inc.,1,2008
,00038,Programming,Turbo Pascal 7.0,Savitch Walter,4th,686,The Benjamin,1,1993
,00039,Programming,Systems Analysis and Design Methods,Shelly Gary B.,7th,631,Course Technology,1,2009
,00040,Programming,Programming Logic and Design Comprehensive,"Farrell, Joyce",3rd,603,Course Technology,1,2006
,00041,Programming,Operating System: A Systematic View,Davis William S.,5th,605,Pearson Educ. Inc,1,2001
,00042,Programming,Turbo C Programming Language for Beginners Book 1,"Abante, Marmelo V.",,166,Anvil,1,2008
,00043,Programming,Introduction to C++ Game Programming,Dawson Michael,,296,Cengage Learning,1,2010
,00044,Programming,Discovering Computers Complete,Shelly Gary,2nd,1101,Cengage Learning,1,2010
,00045,Programming,Simple AutoCAD 1 for Beginners,"Barba, Joshua A.",,304,Natl. Book Store,1,2010
,00046,Programming,Introduction to Java 6 Programming (Series 1- Applet),Pepito Copernicus,,472,Natl. Book Store,1,2009
,00047,Programming,Fireworks and Flash 8: Multimedia and Web Design,"Abante, Marmelo V.",,112,Anvil,1,2009
,00048,Programming,Dreamweaver 8: System and Web Development,"Abante, Marmelo V.",,126,Anvil,1,2009
,00049,Programming,Programming Logic Formulation,"Farrell, Joyce",6th,450,Natl. Book Store,1,2009
,00050,Programming,Visual C++ Programming Language: Programming Made Easy,"Abante, Marmelo V.",,175,Anvil,1,2009
,00051,Programming,Research Methods: Principles and Applications,"Adanza, E.g",,,Rex Book Store,1,1995
,00052,Programming,Microsoft Internet Explorer 4,"Haskin, David",,374,Ventana Communica,1,1998
,00053,Programming,Database Systems,Connolly Thomas,,839,Addison Wesley,1,1996
,00054,Programming,Modern Database System,"Kim, Won editor",,705,Addison Wesley,1,1995
,00055,Programming,C How to Program,P & H Deitel,5th,1089,Pearson Educ. Inc,1,2007
,00056,Programming,AutoCAD Quick Reference,Sharp Craig,3rd,167,Que Corporation,1,1992
,00057,Programming,Multimedia for the Web Revealed,"Coorough, Calleen",,554,Thomson Course Tech.,1,2006
,00058,Programming,Management Information System for the Information Age,"Haag, Stephen",7th,541,McGraw-hill,1,2008
,00059,Programming,JAVA Programming Complete Concepts and Techniques,Shelly Gary,,7,Course Technology,1,2001
,00060,Programming,Management Information System,"Oz, Effy",5th,527,Course Technology,1,2007
,00061,Programming,CGI/Perl,Zak Diane,,365,Course Technology,1,2002
,00062,Programming,Web Design: Introductory Concepts and Techniques,Shelly Gary,,7,Course Technology,1,2001
,00063,Programming,Internet Programming w/ VBScript & Javascript,Kalata Kathleen,,578,Course Technology,1,2001
,00064,Programming,Internet 101: The New Mass Medium for Filipinos,Khan Rachel,2008 reprint,204,Anvil,1,2006
,00065,Programming,Multimedia Concepts,"Shuman, James E.",,230,Course Technology,1,2001
,00066,Programming,Computing Concepts with Java Essentials,"Hortsman, Cay S.",,624,John Wiley & Sons,1,1998
,00067,Programming,Database Management Systems,Pratt Philip,,343,Cengage Learning,1,2010
,00068,Programming,Data Structure and Algorithms in C++,"Drozdeck, Adam",3rd,758,Course Technology,1,2007
,00069,Programming,Data Structure and Algorithms in Java,"Drozdeck, Adam",2nd,752,Course Technology,1,2007
,00070,Programming,Database Demystified,Oppel Andy,2nd,430,McGraw-hill,1,2011
,00071,Programming,Sam's Teach Yourself C++,"Liberty, Jesse",6th,857,Sams,1,2009
,00072,Programming,Fundamentals of Database Systems,Elmasriv Ramez,5th,1123,Pearson Educ. Inc,1,2007
,00073,Programming,Reasoning for the Reasonable,"Fronda, Earl S.","1st, 2006 reprint",255,Rex Book Store,1,2005
,00074,Programming,An Introduction to Database System,"Date, C.J",7th,938,Addison Wesley,1,2000
,00075,Programming,An Introduction to Object-Oriented Programming w/ JAVA,Wu C. Thomas,2nd,938,McGraw-hill,1,2001
,00076,Programming,Microsoft Visual Basic 6: Complete concepts and techniques,Shelly Gary B. et. Al,,8,Cengage Learning,1,2009
,00077,Programming,Weaving a Website,"Anderson-Freed, Susan",,712,Prentice Hall,1,2002
,00078,Programming,Programming Languages,"Pratt, Terrence W.","4th, 2002 reprint",649,Prentice Hall,1,2001
,00079,Programming,Turbo C Sample Programs and Solutions Book 2,"Abante, Marmelo V.",,211,Anvil,1,2008
,00080,Programming,Teaching and Learning Logic,"Joven, Jose R.",1st 2007 reprint,228,Rex Book Store,1,2006
,00081,Programming,Database Systems,Peter Carlos,2009 reprint,593,Cengage Learning,1,2009
