id,number,category,title,author,edition,pages,publisher,isbn,copies,copyright
,1,Programming,MS Excel 2010,Jemma Development Group,,158,Jemma Inc.,123456789,1,2011
,2,Programming,Learning Computers,Jemma Development Group,,168,Jemma Inc.,213456789,1,2009
,3,Programming,Harnessing Computers,Jemma Development Group,,322,Jemma Inc.,321456789,1,2009
,4,Programming,Using Computers,Jemma Development Group,2nd,301,Jemma Inc.,213434567,1,2010
,5,Programming,Office Productivity,Jemma Development Group,2nd,320,Jemma Inc.,555554444,1,2009
,6,Programming,Fundamentals of Information Systems,Stair Ralph,3rd,414,Course Technology,111112222,1,2006
,7,Programming,Introduction to E-Commerce,Rayport Jeffrey,2nd,516,McGraw-hill,33334433,1,2004
,8,Programming,HTML: Comprehensive Concepts and Techniques,Shelly Gary B. et. Al,3rd,624,Cengage Learning,333344444,1,2006
,9,Programming,Secrets of Designing Websites,"Mangilit, Joel R.","1st, 2010 reprint",112,Rex Book Store,453442312,1,2001
,10,Programming,Office XP Hands on the Easy Way,"Harina, Ricardo M.",2010 reprint,162,Natl. Book Store,2342342344,1,2004
,11,Programming,Application Software,Engr. Faaustino D. Reyes II,"1st, 2007 reprint",163,Rex Book Store,234333234,1,2006
,12,Programming,Information Technology: Concepts and Issues,Laudon Kenneth,2nd,312,Course Technology,33223343,1,1997
,13,Programming,Discovering Information Technology,Baldauf Kenneth,,343,Course Technology,332244,1,2009
,14,Programming,Problem Solving with C++ the object programming,Savitch Walter,,807,Addison Wesley,235566,1,1996
,15,Programming,Computer Confluence: Exploring Tomorrows Technology,Beekman George,3rd,487,Pearson Educ. Inc,777778888,1,2000
,16,Programming,"Creative Design with photoshop, illustrator, indesign, acrobat",Jemma Development Group,,291,Jemma Inc.,888887777,1,2011
,17,Programming,The World of Information Technology,Baldauf/Stair,,349,Course Technology,888889999,1,2009
,18,Programming,Principles of Web Design,"Sklar, Joel",,288,Course Technology,1234567891,1,2000
,19,Programming,Control Systems Technology,Fenical Les,,492,Thomson Delmar,1213456789,1,2007
,20,Programming,Principles of Ethics in Information Technology,"Reynolds, George W.",,404,Cengage Learning,1321456789,1,2009
,21,Programming,Introduction to Computer and Information Processing,"Long,Larry",4th,462,Prentice Hall,1213434567,1,1994
,22,Programming,Introduction to Turbo Pascal Programming,Pepito Copernicus,2008 reprint,161,Natl. Book Store,1555554444,1,2003
,23,Programming,Assembler Inside and Out,"Hann, Harley",,540,McGraw-hill,1111112222,1,1992
,24,Programming,Using HTML,"Randall, Neil",,374,Que,313334433,1,1996
,25,Programming,"Windows, Word, and Excel: Office Companion",Burns Patrick,2nd,653,The Ventana Press,3313344444,1,1994
,26,Programming,Visual Basic 5: Object-Oriented Programming,"Swartzfager, Gene",,611,Coriolis Group books,1453442312,1,1997
,27,Programming,Teach Yourself: Access 95 in 14 days,Cassel Paul,3rd,682,Sams,23412342344,1,1995
,28,Programming,Mastering Visual Fox Pro 3,"Siegel, Charles",special 3rd,1089,Sybex Inc.,2314333234,1,1995
,29,Programming,Digital Communication,Proakis John,4th,1002,McGraw-hill,133223343,1,2001
,30,Programming,Workbook In C Programming,"Gatpandan, Paulino",2009 reprint,135,Natl. Book Store,1332244,1,2005
,31,Programming,Introduction to Systems Analysis and Design,Whitten Jeffrey,1st,609,McGraw-hill,2135566,1,2008
,32,Programming,Computer Basics,"Gorres, Ma. Minerva",,201,Jemma Inc.,777178888,1,2008
,33,Programming,Discovering Computers Fundamentals,Shelly Gary,3rd,488,Course Technology,8888187777,1,2006
