id,number,category,title,author,edition,pages,publisher,copies,copyright
,00408,Statistics & Research,Probability and Statistical Concepts: An Introduction,"Bola�os, Alex B.","1st, 2010 reprint",211,Rex Book Store,1,1997
,00409,Statistics & Research,Euthenics,Ryan Malenab,,34,Natl. Book Store,1,2008
,00410,Statistics & Research,Fundamentals of Management,"Lantion, Clarita","1st, 2001 reprint",125,Rex Book Store,1,1998
,00411,Statistics & Research,Quantitative Approaches in Decision Making with Computer Application,"Copo, et. Al",,312,Rex Book Store,1,2009
,00412,Statistics & Research,Statistics Based on CMO O3 Series 2007,"Arao, Rosalia R. et.al",1st,250,Rex Book Store,1,2010
,00413,Statistics & Research,Entrepreneurship and Small Business Management,"Medina, Roberto G.",2nd,232,Rex Book Store,1,2010
,00414,Statistics & Research,The Law and Accounting of Transfer and Business Taxation,"Conti, Indalicio",1st,425,Rex Book Store,1,2009
,00415,Statistics & Research,The Law on Business Organization,"Torres Jr., Justo P.",,385,Rex Book Store,1,2008
,00416,Statistics & Research,The Law on Insurance and Sales,"De Leon, Hector S.",2003 reprint,404,Rex Book Store,1,2000
,00417,Statistics & Research,Economics: 2 Macroeconomics,"Sicat, Gerardo",new,467,Anvil,1,2003
,00418,Statistics & Research,Philippine Economic and Development Issues,"Sicat, Gerardo",new,387,Natl. Book Store,1,2003
,00419,Statistics & Research,How to Write a Thesis,Rowena Muray,2nd,301,Open University Press,1,2006
,00420,Statistics & Research,Fundamental Concepts and Methods in Statistics Part 2,"Garcia, George",,341,University of Sto. Tomas,1,2004
,00421,Statistics & Research,Personnel and Human Resources Management,"Medina, Roberto G.",2010 reprint,275,Rex Book Store,1,2008
,00422,Statistics & Research,Technology Education in the Philippines,"Camarao, Fedesario",2004 reprint,448,Natl. Book Store,1,1991
,00423,Statistics & Research,Teaching Strategies in Livelihood & Vocational Education,"Dagoon, Jesse","1st, 2006 reprint",391,Rex Book Store,1,2003
,00424,Statistics & Research,Human Resource Management,"Corpuz, Crispina","Revised , 2009 reprint",364,Rex Book Store,1,2006
,00425,Statistics & Research,Foundations of Educations Vol. 1,"Recto, Angel",1st reprint,309,Rex Book Store,1,2005
,00426,Statistics & Research,Human Behavior in Business Organizations,"Mison, Lone",2010 reprint,329,Natl. Book Store,1,2004
,00427,Statistics & Research,Organizational Behavior and Management in Philippine Organizations,"Zarate, Cynthia A.","1st, 2009 reprint",214,Rex Book Store,1,2006
,00428,Statistics & Research,Introduction to Asia,"Irapta, Angelina","1st, 2008 reprint",219,Rex Book Store,1,2005
,00429,Statistics & Research,Political Science Made Simple,Abriel M. Nebres,2009 reprint,251,Natl. Book Store,1,2007
,00430,Statistics & Research,Foundations of Educations Vol. II,"Recto, Angel",1st reprint,137,Rex Book Store,1,2005
,00431,Statistics & Research,Contemporary Social Problems & Issues,"Sanchez, Custodiosa","3rd, 2009 reprint",286,Natl. Book Store,1,1997
,00432,Statistics & Research,"Glossary of Statistical Terms of Statisticians, Researches","Birion, Juan","1st, 2000 reprint",247,Rex Book Store,1,1998
,00433,Statistics & Research,Introduction to Sociology and Anthropology,"Palispis, Epitacio","Revised , 2008 reprint",497,Rex Book Store,1,2007
,00434,Statistics & Research,General Sociology: A Simplified Approach,"Colon, Salvacion",revised,256,Natl. Book Store,1,2010
,00435,Statistics & Research,Sociology: Focus on the Philippines,"Panopio, Isabel S.",4th,477,Ken Incorporated,1,2004
,00436,Statistics & Research,Statistics made Simple for Researchers,"Assad, Abubakar S.",1st,,Rex Book Store,1,2008
,00437,Statistics & Research,Anthropological & Sociological Concept and Perspective,"Zulueta, Francisco",2009 reprint,433,Natl. Book Store,1,2006
,00438,Statistics & Research,Social Research,"Reyes, Milagros Z.","1st, 2004 reprint",187,Rex Book Store,1,2004
